[
  {
    "id": "1af0jruup5gu",
    "title": "BMX Rampage: 2018 Highlights",
    "channel": "Red Cow",
    "image": "https://i.imgur.com/l2Xfgpl.jpg",
    "description": "On a gusty day in Southern Utah, a group of 25 daring mountain bikers blew the doors off what is possible on two wheels, unleashing some of the biggest moments the sport has ever seen. While mother nature only allowed for one full run before the conditions made it impossible to ride, that was all that was needed for event veteran Kyle Strait, who won the event for the second time -- eight years after his first Red Cow Rampage title",
    "views": "1,001,023",
    "likes": "110,985",
    "duration": "4:01",
    "video": "https://project-2-api.herokuapp.com/stream",
    "timestamp": 1545162149000,
    "comments": [
        {
            "name": "Micheal Lyons",
            "comment": "They BLEW the ROOF off at their last show, once everyone started figuring out they were going. This is still simply the greatest opening of acconcert I have EVER witnessed.",
            "id": "1ab6d9f6-da38-456e-9b09-ab0acd9ce818",
            "likes": 0,
            "timestamp": 1545162149000
        },
        {
            "name": "Gary Wong",
            "comment": "Every time I see him shred I feel so motivated to get off my couch and hop on my board. He’s so talented! I wish I can ride like him one day so I can really enjoy myself!",
            "id": "cc6f173d-9e9d-4501-918d-bc11f15a8e14",
            "likes": 0,
            "timestamp": 1544595784046
        },
        {
            "name": "Theodore Duncan",
            "comment": "How can someone be so good!!! You can tell he lives for this and loves to do it every day. Everytime I see him I feel instantly happy! He’s definitely my favorite ever!",
            "id": "993f950f-df99-48e7-bd1e-d95003cc98f1",
            "likes": 0,
            "timestamp": 1542262984046
        }
    ]
  },
  {
    "id": "1ainjruutd1j",
    "title": "Become A Travel Pro In One Easy Lesson",
    "channel": "Todd Welch",
    "image": "https://i.imgur.com/5qyCZrD.jpg",
    "description": "Luxury is something everyone deserves from time to time. Such an indulgence can make a vacation a truly rejuvenating experience. This video will focus a lot on helping the first time or inexperienced traveler head out prepared and confident in themselves.",
    "views": "2,043,765",
    "likes": "400,058",
    "duration": "7:26",
    "video": "https://project-2-api.herokuapp.com/stream",
    "timestamp": 1537003624000,
    "comments": [
        {
            "name": "Micheal Lyons",
            "comment": "They BLEW the ROOF off at their last show, once everyone started figuring out they were going. This is still simply the greatest opening of acconcert I have EVER witnessed.",
            "id": "1ab6d9f6-da38-456e-9b09-ab0acd9ce818",
            "likes": 0,
            "timestamp": 1545162149000
        },
        {
            "name": "Gary Wong",
            "comment": "Every time I see him shred I feel so motivated to get off my couch and hop on my board. He’s so talented! I wish I can ride like him one day so I can really enjoy myself!",
            "id": "cc6f173d-9e9d-4501-918d-bc11f15a8e14",
            "likes": 0,
            "timestamp": 1544595784046
        },
        {
            "name": "Theodore Duncan",
            "comment": "How can someone be so good!!! You can tell he lives for this and loves to do it every day. Everytime I see him I feel instantly happy! He’s definitely my favorite ever!",
            "id": "993f950f-df99-48e7-bd1e-d95003cc98f1",
            "likes": 0,
            "timestamp": 1542262984046
        }
    ]
  },
  {
    "id": "1aivjruutn6a",
    "title": "Les Houches The Hidden Gem Of The Chamonix",
    "channel": "Cornelia Blair",
    "image": "https://i.imgur.com/yFS8EBr.jpg",
    "description": "Les Houches, located 6 kilometres from Chamonix, is a ski resort with a domain which extends from an altitude of 950 metres up to 1900 metres. Long descents through tree-lined slopes are combined with impressive views of the Mont Blanc massif and the Chamonix valley. Les Houches is twinned with the Russian villages of Sochi and Krasnaya-Polyana and was chosen by the International Olympic Committee to assist in the organization of the 2014 Winter Olympic Games. Watch for more fun facts!",
    "views": "16,950",
    "likes": "3,856",
    "duration": "4:13",
    "video": "https://project-2-api.herokuapp.com/stream",
    "timestamp": 1534234842000,
    "comments": [
        {
            "name": "Micheal Lyons",
            "comment": "They BLEW the ROOF off at their last show, once everyone started figuring out they were going. This is still simply the greatest opening of acconcert I have EVER witnessed.",
            "id": "1ab6d9f6-da38-456e-9b09-ab0acd9ce818",
            "likes": 0,
            "timestamp": 1545162149000
        },
        {
            "name": "Gary Wong",
            "comment": "Every time I see him shred I feel so motivated to get off my couch and hop on my board. He’s so talented! I wish I can ride like him one day so I can really enjoy myself!",
            "id": "cc6f173d-9e9d-4501-918d-bc11f15a8e14",
            "likes": 0,
            "timestamp": 1544595784046
        },
        {
            "name": "Theodore Duncan",
            "comment": "How can someone be so good!!! You can tell he lives for this and loves to do it every day. Everytime I see him I feel instantly happy! He’s definitely my favorite ever!",
            "id": "993f950f-df99-48e7-bd1e-d95003cc98f1",
            "likes": 0,
            "timestamp": 1542262984046
        }
    ]
  },
  {
    "id": "1a3cjruucpf7",
    "title": "Travel Health Useful Medical Information For",
    "channel": "Glen Harper",
    "image": "https://i.imgur.com/MMDMgD7.jpg",
    "description": "Concerned about your health while travelling? You should know that international travellers should always be extra concerned about their health and safety. This video provides essential information on travel health risks and preventive measures to keep you and your loved ones safe during your travels.",
    "views": "739,945",
    "likes": "98,352",
    "duration": "8:34",
    "video": "https://project-2-api.herokuapp.com/stream",
    "timestamp": 1536070744000,
    "comments": [
        {
            "name": "Micheal Lyons",
            "comment": "They BLEW the ROOF off at their last show, once everyone started figuring out they were going. This is still simply the greatest opening of acconcert I have EVER witnessed.",
            "id": "1ab6d9f6-da38-456e-9b09-ab0acd9ce818",
            "likes": 0,
            "timestamp": 1545162149000
        },
        {
            "name": "Gary Wong",
            "comment": "Every time I see him shred I feel so motivated to get off my couch and hop on my board. He’s so talented! I wish I can ride like him one day so I can really enjoy myself!",
            "id": "cc6f173d-9e9d-4501-918d-bc11f15a8e14",
            "likes": 0,
            "timestamp": 1544595784046
        },
        {
            "name": "Theodore Duncan",
            "comment": "How can someone be so good!!! You can tell he lives for this and loves to do it every day. Everytime I see him I feel instantly happy! He’s definitely my favorite ever!",
            "id": "993f950f-df99-48e7-bd1e-d95003cc98f1",
            "likes": 0,
            "timestamp": 1542262984046
        }
    ]
  },
  {
    "id": "1am3jruuwagz",
    "title": "Cheap Airline Tickets Great Ways To Save",
    "channel": "Emily Harper",
    "image": "https://i.imgur.com/ibLw5q5.jpg",
    "description": "Want to know how to get cheap flights? This video has great tips on how to book the cheapest flight possible to anywhere in the world. Remember, Keep your searches top secret. Use the best flight search engines. Identify the cheapest day to fly out. Fly for free with points. Befriend budget airlines. Search for airline error and sale fares. Book connecting flights yourself for less. ",
    "views": "72,342",
    "likes": "8,785",
    "duration": "2:59",
    "video": "https://project-2-api.herokuapp.com/stream",
    "timestamp": 1518625200000,
    "comments": [
        {
            "name": "Micheal Lyons",
            "comment": "They BLEW the ROOF off at their last show, once everyone started figuring out they were going. This is still simply the greatest opening of acconcert I have EVER witnessed.",
            "id": "1ab6d9f6-da38-456e-9b09-ab0acd9ce818",
            "likes": 0,
            "timestamp": 1545162149000
        },
        {
            "name": "Gary Wong",
            "comment": "Every time I see him shred I feel so motivated to get off my couch and hop on my board. He’s so talented! I wish I can ride like him one day so I can really enjoy myself!",
            "id": "cc6f173d-9e9d-4501-918d-bc11f15a8e14",
            "likes": 0,
            "timestamp": 1544595784046
        },
        {
            "name": "Theodore Duncan",
            "comment": "How can someone be so good!!! You can tell he lives for this and loves to do it every day. Everytime I see him I feel instantly happy! He’s definitely my favorite ever!",
            "id": "993f950f-df99-48e7-bd1e-d95003cc98f1",
            "likes": 0,
            "timestamp": 1542262984046
        }
    ]
  },
  {
    "id": "1akljruuvhzt",
    "title": "Take A Romantic Break In A Boutique Hotel",
    "channel": "Ethan Owen",
    "image": "https://i.imgur.com/7rD6Mf6.jpg",
    "description": "Your loved one has been dreaming about a romantic getaway with you, if you want to bring the spark back into your relationship this is the place to go! Small and design-forward, boutique hotels promise a more intimate vacation stay, each one chock-full of character while offering plenty of inimitable features (from exposed brick to panoramic ocean views)",
    "views": "345,987",
    "likes": "76,588",
    "duration": "12:26",
    "video": "https://project-2-api.herokuapp.com/stream",
    "timestamp": 1545377524000,
    "comments": [
        {
            "name": "Micheal Lyons",
            "comment": "They BLEW the ROOF off at their last show, once everyone started figuring out they were going. This is still simply the greatest opening of acconcert I have EVER witnessed.",
            "id": "1ab6d9f6-da38-456e-9b09-ab0acd9ce818",
            "likes": 0,
            "timestamp": 1545162149000
        },
        {
            "name": "Gary Wong",
            "comment": "Every time I see him shred I feel so motivated to get off my couch and hop on my board. He’s so talented! I wish I can ride like him one day so I can really enjoy myself!",
            "id": "cc6f173d-9e9d-4501-918d-bc11f15a8e14",
            "likes": 0,
            "timestamp": 1544595784046
        },
        {
            "name": "Theodore Duncan",
            "comment": "How can someone be so good!!! You can tell he lives for this and loves to do it every day. Everytime I see him I feel instantly happy! He’s definitely my favorite ever!",
            "id": "993f950f-df99-48e7-bd1e-d95003cc98f1",
            "likes": 0,
            "timestamp": 1542262984046
        }
    ]
  },
  {
    "id": "1ae5jruuoc4q",
    "title": "Choose the Perfect Accommodations",
    "channel": "Lydia Perez",
    "image": "https://i.imgur.com/0hi3N4B.jpg",
    "description": "Worried about finding the perfect travel accommodations? There are many things to consider when booking an accommodation. Consider picking the right location. Location is an important consideration for an enjoyable stay. Check the rating and price. Consider apartment or condo rentals. Weigh the food options. Is it family-friendly? Watch for extra fees. Assess the on-site amenities.",
    "views": "252,796",
    "likes": "4,905",
    "duration": "7:31",
    "video": "https://project-2-api.herokuapp.com/stream",
    "timestamp": 1520167535028,
    "comments": [
        {
            "name": "Micheal Lyons",
            "comment": "They BLEW the ROOF off at their last show, once everyone started figuring out they were going. This is still simply the greatest opening of acconcert I have EVER witnessed.",
            "id": "1ab6d9f6-da38-456e-9b09-ab0acd9ce818",
            "likes": 0,
            "timestamp": 1545162149000
        },
        {
            "name": "Gary Wong",
            "comment": "Every time I see him shred I feel so motivated to get off my couch and hop on my board. He’s so talented! I wish I can ride like him one day so I can really enjoy myself!",
            "id": "cc6f173d-9e9d-4501-918d-bc11f15a8e14",
            "likes": 0,
            "timestamp": 1544595784046
        },
        {
            "name": "Theodore Duncan",
            "comment": "How can someone be so good!!! You can tell he lives for this and loves to do it every day. Everytime I see him I feel instantly happy! He’s definitely my favorite ever!",
            "id": "993f950f-df99-48e7-bd1e-d95003cc98f1",
            "likes": 0,
            "timestamp": 1542262984046
        }
    ]
  },
  {
    "id": "1a4kjruuedd9",
    "title": "Cruising Destination Ideas",
    "channel": "Timothy Austin",
    "image": "https://i.imgur.com/DDJNZNw.jpg",
    "description": "Do you dream of sailing in to the sunset without a care in the world? Going on a cruise can be the perfect way to make this dream come true. If you’re considering taking your very first cruise, think about the various advantages. A cruise vacation offers great value as almost everything is included, from accommodation and food to entertainment and transfers.",
    "views": "29,984",
    "likes": "2,552",
    "duration": "5:58",
    "video": "https://project-2-api.herokuapp.com/stream",
    "timestamp": 1538006507000,
    "comments": [
        {
            "name": "Micheal Lyons",
            "comment": "They BLEW the ROOF off at their last show, once everyone started figuring out they were going. This is still simply the greatest opening of acconcert I have EVER witnessed.",
            "id": "1ab6d9f6-da38-456e-9b09-ab0acd9ce818",
            "likes": 0,
            "timestamp": 1545162149000
        },
        {
            "name": "Gary Wong",
            "comment": "Every time I see him shred I feel so motivated to get off my couch and hop on my board. He’s so talented! I wish I can ride like him one day so I can really enjoy myself!",
            "id": "cc6f173d-9e9d-4501-918d-bc11f15a8e14",
            "likes": 0,
            "timestamp": 1544595784046
        },
        {
            "name": "Theodore Duncan",
            "comment": "How can someone be so good!!! You can tell he lives for this and loves to do it every day. Everytime I see him I feel instantly happy! He’s definitely my favorite ever!",
            "id": "993f950f-df99-48e7-bd1e-d95003cc98f1",
            "likes": 0,
            "timestamp": 1542262984046
        }
    ]
  },
  {
    "id": "1a8qhruuzky3",
    "title": "Train Travel On Track For Safety",
    "channel": "Scotty Cranmer",
    "image": "https://i.imgur.com/i6S8m7I.jpg",
    "description": "Traveling by train can be convenient, enjoyable and economical. You can minimize your risk of injury, illness, and theft by taking a few simple precautions. Before you travel, you should pack only the necessities. This will make your luggage easy to carry and store during your travels. You should always assume that the tap water on the train is not potable. Whenever it is possible, stock up on bottles of water to reduce the risk of dehydration. Remember, never accept food or drinks from strangers!",
    "views": "3,092,284",
    "likes": "75,985",
    "duration": "4:20",
    "video": "https://project-2-api.herokuapp.com/stream",
    "timestamp": 1531007012000,
    "comments": [
        {
            "name": "Micheal Lyons",
            "comment": "They BLEW the ROOF off at their last show, once everyone started figuring out they were going. This is still simply the greatest opening of acconcert I have EVER witnessed.",
            "id": "1ab6d9f6-da38-456e-9b09-ab0acd9ce818",
            "likes": 0,
            "timestamp": 1545162149000
        },
        {
            "name": "Gary Wong",
            "comment": "Every time I see him shred I feel so motivated to get off my couch and hop on my board. He’s so talented! I wish I can ride like him one day so I can really enjoy myself!",
            "id": "cc6f173d-9e9d-4501-918d-bc11f15a8e14",
            "likes": 0,
            "timestamp": 1544595784046
        },
        {
            "name": "Theodore Duncan",
            "comment": "How can someone be so good!!! You can tell he lives for this and loves to do it every day. Everytime I see him I feel instantly happy! He’s definitely my favorite ever!",
            "id": "993f950f-df99-48e7-bd1e-d95003cc98f1",
            "likes": 0,
            "timestamp": 1542262984046
        }
    ]
  }
]